INSERT INTO categories (id, name, parent_id)
VALUES
(1, 'Coches', NULL), 
(2, 'Motos', NULL),
(3, 'Motor y accesorios', NULL), 
(4, 'Moda y accesorios', NULL), 
(5, 'Tecnología y electrónica', NULL), 
(6, 'Deporte y ocio', NULL), 
(7, 'Bicicletas', NULL), 
(8, 'Hogar y jardín', NULL), 
(9, 'Electrodomésticos', NULL), 
(10, 'Cine, libros y música', NULL), 
(11, 'Niños y bebés', NULL), 
(12, 'Coleccionismo', NULL), 
(13, 'Construcción y reformas', NULL), 
(14, 'Industria y agricultura', NULL), 
(15, 'Empleo', NULL), 
(16, 'Servicios', NULL), 
(17, 'Otros', NULL),
(18, 'GPS y electrónica', 3),
(19, 'Herramientas', 3),
(20, 'Recambios de coches y furgonetas', 3),
(21, 'Recambios de motos y cuatriciclos', 3),
(22, 'Otros', 3),
(23, 'Accesorios', 20), 
(24, 'Aceites, lubricantes y líquidos', 20), 
(25, 'Carrocerías', 20), 
(26, 'Faros y luces indicadoras', 20), 
(27, 'Llantas', 20), 
(28, 'Motor y piezas de motor', 20), 
(29, 'Neumáticos', 20), 
(30, 'Seguridad', 20), 
(31, 'Suspensión y dirección', 20),
(32, 'Transmisión', 20),
(33, 'Aceites, lubricantes y líquidos', 21),
(34, 'Faros y luces indicadoras', 21),
(35, 'Motor y piezas de motor', 21),
(36, 'Neumáticos', 21),
(37, 'Vestimenta y protección', 21),
(38, 'Mujer', 4),
(39, 'Hombre', 4),
(40, 'Accesorios', 4),
(41, 'Joyería', 4),
(42, 'Belleza', 4),
(43, 'Imagen: televisores y proyectores', 5),
(44, 'Sonido: auriculares y altavoces', 5),
(45, 'Fotografía: cámaras y drones', 5),
(46, 'Telefonía: móviles y smartwatches', 5),
(47, 'Informática: ordenadores y tablets', 5),
(48, 'Gaming: consolas y videojuegos', 5),
(49, 'Baloncesto', 6),
(50, 'Balonmano', 6),
(51, 'Estáticas y elípticas', 6),
(52, 'Fitness, running y yoga', 6),
(53, 'Fútbol', 6),
(54, 'Golf', 6),
(55, 'Juegos recreativos y de mesa', 6),
(56, 'Manualidades', 6),
(57, 'Montaña y esquí', 6),
(58, 'Natación y accesorios piscina', 6),
(59, 'Otros deportes', 6),
(60, 'Patinetes y patinaje', 6),
(61, 'Rugby', 6),
(62, 'Tenis y pádel', 6),
(63, 'Vóley', 6),
(64, 'Otros', 6),
(65, 'Accesorios para bicicletas', 7),
(66, 'Bicicletas y triciclos', 7),
(67, 'Piezas y recambios de bici', 7),
(68, 'Protección y vestimenta', 7),
(69, 'Otros', 7),
(70, 'Muebles y organización', 8),
(71, 'Baño y accesorios', 8),
(72, 'Cocina', 8),
(73, 'Decoración y espejos', 8),
(74, 'Iluminación', 8),
(75, 'Jardín y exteriores', 8),
(76, 'Calefacción y climatización', 8),
(77, 'Artículos para mascotas', 8),
(78, 'Electrodomésticos de cocina', 9),
(79, 'Lavandería y plancha', 9),
(80, 'Pequeños electrodomésticos', 9),
(81, 'Piezas y recambios', 9),
(82, 'Vitrocerámica', 9),
(83, 'Otros', 9),
(84, 'Cine y series', 10),
(85, 'Libros, cómics y revistas', 10),
(86, 'Música', 10),
(87, 'Accesorios de baño', 11),
(88, 'Alimentación del bebé', 11),
(89, 'Artículos de maternidad', 11),
(90, 'Artículos escolares', 11),
(91, 'Cunas y camas', 11),
(92, 'Disfraces infantiles', 11),
(93, 'Juguetes, juegos y peluches', 11),
(94, 'Mobiliario infantil', 11),
(95, 'Ropa infantil', 11),
(96, 'Seguridad y cuidado', 11),
(97, 'Transporte del bebé', 11),
(98, 'Tronas y andadores', 11),
(99, 'Otros', 11),
(100, 'Antigüedades', 12),
(101, 'Artesanías y decoración', 12),
(102, 'Artículos de escritorio', 12),
(103, 'Banderas', 12),
(104, 'Coches y motocicletas', 12),
(105, 'Coleccionismo deportivo', 12),
(106, 'Coleccionismo militar', 12),
(107, 'Filatelia y sellos', 12),
(108, 'Imanes', 12),
(109, 'Llaveros', 12),
(110, 'Monedas y billetes', 12),
(111, 'Muñecos', 12),
(112, 'Naipes', 12),
(113, 'Postales y suvenires', 12),
(114, 'Relojes', 12),
(115, 'Otros', 12),
(116, 'Balcones', 13),
(117, 'Electricidad e Iluminación', 13),
(118, 'Escaleras y andamios', 13),
(119, 'Ferretería', 13),
(120, 'Herramientas y maquinaria', 13),
(121, 'Madera y otros materiales', 13),
(122, 'Pavimentos y revestimientos', 13),
(123, 'Pinturas y barnices', 13),
(124, 'Puertas y ventanas', 13),
(125, 'Otros', 13),
(126, 'Agricultura', 14),
(127, 'Industria', 14),
(128, 'Busco empleo', 15),
(129, 'Ofertas de empleo', 15),
(130, 'Clases y entrenamiento', 16),
(131, 'Cuidadoras y niñeras', 16),
(132, 'Mudanzas y transporte', 16),
(133, 'Reparaciones', 16),
(134, 'Servicios de limpieza', 16),
(135, 'Servicios del hogar', 16),
(136, 'Terapia y crecimiento personal', 16),
(137, 'Otros', 16),
(138, 'Calzado', 38),
(139, 'Ropa', 38),
(140, 'Calzado', 39),
(141, 'Ropa', 39),
(142, 'Accesorios para el cabello', 40),
(143, 'Bolsos y mochilas', 40),
(144, 'Bufandas y chales', 40),
(145, 'Cinturones', 40),
(146, 'Corbatas y pañuelos', 40),
(147, 'Gafas de sol', 40),
(148, 'Guantes', 40),
(149, 'Paraguas', 40),
(150, 'Relojes', 40),
(151, 'Sombreros y gorras', 40),
(152, 'Otros accesorios', 40),
(153, 'Anillos', 41),
(154, 'Broches', 41),
(155, 'Cadenas', 41),
(156, 'Colgantes', 41),
(157, 'Collares', 41),
(158, 'Conjuntos de joyas', 41),
(159, 'Cuentas', 41),
(160, 'Gemelos', 41),
(161, 'Joyeros', 41),
(162, 'Pendientes', 41),
(163, 'Piercings', 41),
(164, 'Pulseras', 41),
(165, 'Tobilleras', 41),
(166, 'Otras joyas', 41),
(167, 'Colonia', 42),
(168, 'Cuidado personal', 42),
(169, 'Maquillaje', 42),
(170, 'Perfume', 42),
(171, 'Utensilios y accesorios', 42),
(172, 'Otros productos de belleza', 42),
(173, 'TV', 43),
(174, 'Proyectores', 43),
(175, 'Accesorios de televisores y proyectores', 43),
(176, 'Otros artículos de imagen', 43),
(177, 'Auriculares', 44),
(178, 'Altavoces', 44),
(179, 'Home cinema y barras de sonido', 44),
(180, 'Dispositivos de sonido', 44),
(181, 'Tocadiscos', 44),
(182, 'DJ y audio profesional', 44),
(183, 'Cámaras', 45),
(184, 'Objetivos', 45),
(185, 'Drones', 45),
(186, 'Accesorios de fotografía', 45),
(187, 'Cámaras de vigilancia', 45),
(188, 'Otros articulos de fotografía', 45),
(189, 'Smartphones', 46),
(190, 'Smartwatches y pulsera de actividad', 46),
(191, 'Teléfonos vintage', 46),
(192, 'Telefonos fijos', 46),
(193, 'Otros teléfonos', 46),
(194, 'Accesorios de móviles y smartwatches', 46),
(195, 'Portátiles', 47),
(196, 'Ordenadores de sobremesa', 47),
(197, 'Realidad Virtual y aumentada', 47),
(198, 'Tablets', 47),
(199, 'E-readers', 47),
(200, 'Periféricos', 47),
(201, 'Componentes y piezas de ordenador', 47),
(202, 'Accesorios de informática', 47),
(203, 'Consolas y accesorios', 48),
(204, 'PC gaming y streaming', 48),
(205, 'Videojuegos y más', 48),
(206, 'Otros artículos de gaming', 48),
(207, 'Bombas e infladores', 65),
(208, 'Electrónica para bicicletas', 65),
(209, 'Luces', 65),
(210, 'Portabicicletas', 65),
(211, 'Rodillos', 65),
(212, 'Bicicletas Infantiles', 66),
(213, 'Bicicletas ciudad', 66),
(214, 'Bicicletas de carretera', 66),
(215, 'Bicicletas eléctricas', 66),
(216, 'Bicicletas plegables', 66),
(217, 'Fixies', 66),
(218, 'MTB', 66),
(219, 'Monociclos', 66),
(220, 'Triciclos', 66),
(221, 'Cuadros', 67),
(222, 'Herramientas', 67),
(223, 'Neumáticos y cámaras', 67),
(224, 'Piezas', 67),
(225, 'Recambios', 67),
(226, 'Ruedas', 67),
(227, 'Sillín', 67),
(228, 'Alforjas', 68),
(229, 'Cascos', 68),
(230, 'Gafas ciclismo y de sol', 68),
(231, 'Ropa ciclismo', 68),
(232, 'Zapatillas y cubrezapatillas', 68),
(233, 'Camas y accesorios', 70),
(234, 'Mesas y mesitas', 70),
(235, 'Muebles de almacenaje', 70),
(236, 'Sofás y sillones', 70),
(237, 'Sillas y taburetes', 70),
(238, 'Set de muebles', 70),
(239, 'Carritos', 70),
(240, 'Cajas y organizadores', 70),
(241, 'Antigüedades', 70),
(242, 'Inodoros y bidet', 71),
(243, 'Duchas y bañeras', 71),
(244, 'Picas y muebles baño', 71),
(245, 'Grifería de baño', 71),
(246, 'Textiles de baño', 71),
(247, 'Accesorios baño', 71),
(248, 'Inodoros y bidet', 72),
(249, 'Duchas y bañeras', 72),
(250, 'Picas y muebles baño', 72),
(251, 'Grifería de baño', 72),
(252, 'Textiles de baño', 72),
(253, 'Accesorios baño', 72),
(254, 'Fundas y cojines de sofá', 73),
(255, 'Decoración para pared y colgar', 73),
(256, 'Decoración para festividades', 73),
(257, 'Espejos', 73),
(258, 'Cortinas', 73),
(259, 'Alfombras', 73),
(260, 'Jarrones y figuras decorativas', 73),
(261, 'Velas y portavelas', 73),
(262, 'Otros', 73),
(263, 'Apliques, lámparas, pantallas y bases', 74),
(264, 'Bombillas', 74),
(265, 'Luces decorativas y de exterior', 74),
(266, 'Iluminación inteligente', 74),
(267, 'Accesorios de iluminación', 74),
(268, 'Muebles para exterior', 75),
(269, 'Decoración', 75),
(270, 'Plantas y jardinería', 75),
(271, 'Barbacoas', 75),
(272, 'Piscinas, spa y duchas de exterior', 75),
(273, 'Maquinaria de jardín', 75),
(274, 'Cesped, vallas y paneles', 75),
(275, 'Accesorios', 75),
(276, 'Chimeneas, Estufas y radiadores', 76),
(277, 'Aire acondicionado y ventiladores', 76),
(278, 'Combustibles y pellet', 76),
(279, 'Termostatos y válvulas termostáticas', 76),
(280, 'Calderas y termos eléctricos', 76),
(281, 'Purificador y humificador', 76),
(282, 'Otros', 76),
(283, 'Accesorios de paseo', 77),
(284, 'Camas', 77),
(285, 'Corrales', 77),
(286, 'Higiene', 77),
(287, 'Jaulas', 77),
(288, 'Juguetes', 77),
(289, 'Electrodomésticos de cocina', 9),
(290, 'Lavandería y plancha', 9),
(291, 'Pequeños electrodomésticos', 9),
(292, 'Piezas y recambios', 9),
(293, 'Vitrocerámica', 9),
(294, 'Otros', 9),
(295, 'Cine y series', 10),
(296, 'Libros, cómics y revistas', 10),
(297, 'Música', 10),
(298, 'Películas y Series', 295),
(299, 'Pósters y merchandising de cine y TV', 295),
(300, 'Cómics y novelas gráficas', 296),
(301, 'Libros', 296),
(302, 'Revistas', 296),
(303, 'CDs, Vinilos y Casetes', 297),
(304, 'Equipo profesional de sonido', 297),
(305, 'Instrumentos musicales', 297),
(306, 'Partituras y libretos', 297),
(307, 'Pósters y merchandising de música', 297),
(308, 'Baberos y paños', 88),
(309, 'Batidoras y mezcladores', 88),
(310, 'Biberones & calientabiberones', 88),
(311, 'Chupetes', 88),
(312, 'Utensilios y cubertería', 88),
(313, 'Lactancia', 89),
(314, 'Libros para madres y padres', 89),
(315, 'Mochilas', 90),
(316, 'Porta meriendas', 90),
(317, 'Uniformes', 90),
(318, 'Camas infantiles', 91),
(319, 'Cunas', 91),
(320, 'Iluminación infantil', 91),
(321, 'Ropa de cama infantil', 91),
(322, 'Ropa de cuna', 91),
(323, 'Sacos de dormir', 91),
(324, 'Juegos de mesa', 93),
(325, 'Juguetes', 93),
(326, 'Peluches', 93),
(327, '0-6 meses (68 cm)', 95),
(328, '6-9 meses (74 cm)', 95),
(329, '9-12 meses (80 cm)', 95),
(330, '12-18 meses (86 cm)', 95),
(331, '18-24 meses (92 cm)', 95),
(332, '2-3 años (98 cm)', 95),
(333, 'Arneses de seguridad', 96),
(334, 'Monitores para bebés', 96),
(335, 'Pegatinas para el coche', 96),
(336, 'Puertas de seguridad y parques', 96),
(337, 'Termómetros para bebés', 96),
(338, 'Cochecitos', 97),
(339, 'Portabebés', 97),
(340, 'Sillas de coche', 97),
(341, 'Sillas de paseo', 97),
(342, 'Andadores', 98),
(343, 'Correpasillos', 98),
(344, 'Tronas', 98),
(345, 'Herramientas', 120),
(346, 'Herramientas eléctricas', 120),
(347, 'Maquinaria', 120),
(348, 'Baldosas y azulejos', 122),
(349, 'Parquet', 122),
(350, 'Barnices', 123),
(351, 'Pinturas', 123),
(352, 'Cristales', 124),
(353, 'Puertas', 124),
(354, 'Puertas correderas', 124),
(355, 'Ventanas', 124),
(356, 'Herramientas agrícolas', 126),
(357, 'Insumos agrícolas', 126),
(358, 'Maquinaria', 126),
(359, 'Repuestos', 126),
(360, 'Tractores', 126),
(361, 'Vehículos', 126),
(362, 'Equipamiento industrial', 127),
(363, 'Herramientas', 127),
(364, 'Insumos industriales', 127),
(365, 'Repuestos de herramientas', 127),
(366, 'Repuestos de maquinaria', 127),
(367, 'Clases de idiomas', 130),
(368, 'Personal trainers', 130),
(369, 'Tutores y soporte escolar', 130),
(370, 'Cuidadores de ancianos', 131),
(371, 'Niñeras', 131),
(372, 'Mensajería', 132),
(373, 'Mudanzas', 132),
(374, 'Transporte', 132),
(375, 'Albañil', 136),
(376, 'Electricista', 136)

ON CONFLICT (id) DO NOTHING;

INSERT INTO listings (id, user_id, title, description, price, state, location, created_at)
VALUES
('1bb90b48-e80b-4205-a6f6-25088bec0fe8', '5e89669e-5e04-4860-8451-b3b0d2d2a45d', 'Chaqueta Vaquera Vintage', 'Chaqueta azul clásica, talla M. Muy buen estado.', 45.00, 'pending', ST_SetSRID(ST_Point(2.1734, 41.3851), 4326), '2026-03-21 15:01:15.805192+00'),
('f231c3a2-2292-49ab-aa10-ecec36e93df4', '7b11d33c-1d0c-4c6e-8e8e-c90a2334f55a', 'iPhone 13 Pro 128GB', 'Poco uso, salud de batería al 90%. Sin arañazos.', 650.00, 'pending', ST_SetSRID(ST_Point(-3.7038, 40.4168), 4326),'2026-03-21 15:01:15.805192+00'),
('30a3c587-845e-43fe-a496-13d582b89cd4', 'f47ac10b-58cc-4372-a567-0e02b2c3d479', 'Teclado Mecánico RGB', 'Teclado gaming con switches azules. Casi nuevo.', 55.00, 'pending', ST_SetSRID(ST_Point(-0.3763, 39.4699), 4326),'2026-02-21 15:01:15.805192+00'),
('aa870fef-c8fa-4bf3-8d10-5c76bb6405ce', '2d931510-3970-47ff-8c3b-2c1f62e666a2', 'Botas de Cuero Talla 42', 'Botas de cuero marrón hechas a mano. Muy resistentes.', 85.00, 'pending', ST_SetSRID(ST_Point(-5.9845, 37.3891), 4326),'2026-02-21 15:01:15.805192+00'),
('7c3489e9-7d7c-4845-b777-65ac52202969', 'a0eebc99-9c0b-4ef8-bb6d-6bb9bd380a11', 'Auriculares Sony Cancelación Ruido', 'Modelo WH-1000XM4. Calidad de sonido excelente.', 180.00, 'pending', ST_SetSRID(ST_Point(-0.8891, 41.6488), 4326),'2026-02-21 15:01:15.805192+00'),
('aaf36a1b-8711-460d-8949-8b4750c7e4a2', '5e89669e-5e04-4860-8451-b3b0d2d2a45d', 'iPad Air 4ª Gen', 'Color verde, 64GB. Incluye cargador original.', 350.00, 'pending', ST_SetSRID(ST_Point(-4.4214, 36.7213), 4326),'2026-04-17 15:01:15.805192+00'),
('8693190f-2aaf-41a4-a6ff-1b05aa92ab7a', '7b11d33c-1d0c-4c6e-8e8e-c90a2334f55a', 'Vestido de Verano Floral', 'Vestido ligero, talla S. Ideal para vacaciones.', 25.00, 'pending', ST_SetSRID(ST_Point(-2.9350, 43.2630), 4326),'2026-04-17 15:01:15.805192+00'),
('fd896ac9-2ace-4666-985a-999ba2eddd7b', 'f47ac10b-58cc-4372-a567-0e02b2c3d479', 'Altavoz Bluetooth Impermeable', 'Altavoz portátil, perfecto para exteriores.', 30.00, 'pending', ST_SetSRID(ST_Point(-0.4907, 38.3452), 4326),'2026-04-17 15:01:15.805192+00'),
('fc82d7cb-c5a7-4959-b34d-76b672816d3c', '2d931510-3970-47ff-8c3b-2c1f62e666a2', 'Cámara Digital 24MP', 'Cámara compacta con zoom óptico 3x.', 120.00, 'pending', ST_SetSRID(ST_Point(-4.7794, 37.8882), 4326),'2026-04-17 15:01:15.805192+00'),
('d59d62eb-c3fe-4f62-88e7-ed3a38d87f2c', 'a0eebc99-9c0b-4ef8-bb6d-6bb9bd380a11', 'Zapatillas Nike Air Max', 'Edición limitada, talla 44. Puestas dos veces.', 95.00, 'pending', ST_SetSRID(ST_Point(-4.7245, 41.6523), 4326),'2026-04-10 15:01:15.805192+00'),
('5a529f8f-6138-4825-ade0-07b69d7e9f8d', '5e89669e-5e04-4860-8451-b3b0d2d2a45d', 'Bicicleta de Montaña Rockrider', 'Cuadro de aluminio, 21 marchas. Ideal para iniciación.', 150.00, 'pending', ST_SetSRID(ST_Point(-8.7207, 42.2406), 4326),'2026-04-10 15:01:15.805192+00'),
('b7ad4191-41f4-4092-aadc-6b12aa0c000d', '7b11d33c-1d0c-4c6e-8e8e-c90a2334f55a', 'Lámpara de Pie Minimalista', 'Color negro mate, regulable en intensidad. Como nueva.', 35.00, 'pending', ST_SetSRID(ST_Point(-5.6615, 43.5322), 4326),'2026-04-10 15:01:15.805192+00'),
('8aa3a133-e6a7-4640-89d8-b6cda8242d96', 'f47ac10b-58cc-4372-a567-0e02b2c3d479', 'Raqueta de Tenis Wilson', 'Modelo Pro Staff. Muy poco uso, incluye funda.', 80.00, 'pending', ST_SetSRID(ST_Point(-3.5986, 37.1773), 4326),'2026-04-10 15:01:15.805192+00'),
('3e00862b-19a3-437a-9ad2-b482b79f9b43', '2d931510-3970-47ff-8c3b-2c1f62e666a2', 'Set de 4 Sillas Nórdicas', 'Madera de haya y polipropileno blanco. Muy cómodas.', 120.00, 'pending', ST_SetSRID(ST_Point(-1.1307, 37.9922), 4326),'2026-04-10 15:01:15.805192+00'),
('9659c3be-e1f9-4b63-bc62-888a970add19', 'a0eebc99-9c0b-4ef8-bb6d-6bb9bd380a11', 'Mancuernas Ajustables 20kg', 'Par de mancuernas con discos intercambiables.', 45.00, 'pending', ST_SetSRID(ST_Point(2.6502, 39.5696), 4326),'2026-03-21 15:01:15.805192+00'),
('a34f6b12-ba91-43fc-980e-93639042b55a', '5e89669e-5e04-4860-8451-b3b0d2d2a45d', 'Robot de Cocina Multifunción', 'Pica, amasa y cocina al vapor. Incluye recetario.', 190.00, 'pending', ST_SetSRID(ST_Point(-15.4314, 28.1235), 4326),'2026-03-21 15:01:15.805192+00'),
('d6985dbd-cd91-4be3-a8ce-63543fdb2fa8', '7b11d33c-1d0c-4c6e-8e8e-c90a2334f55a', 'Tabla de Surf Iniciación', 'Medida 7.0, softboard perfecta para aprender.', 110.00, 'pending', ST_SetSRID(ST_Point(-3.8044, 43.4623), 4326),'2026-04-17 15:01:15.805192+00'),
('6477c1e1-e9a9-4937-aa4d-00973a503f06', 'f47ac10b-58cc-4372-a567-0e02b2c3d479', 'Estantería de Madera Maciza', 'Madera de pino tratada. 5 baldas amplias.', 65.00, 'pending', ST_SetSRID(ST_Point(-5.6639, 40.9701), 4326),'2026-04-17 15:01:15.805192+00'),
('28218cc8-8203-435f-9577-8c24368b1af0', '2d931510-3970-47ff-8c3b-2c1f62e666a2', 'Esterilla de Yoga Antideslizante', 'Material ecológico TPE, 6mm de grosor.', 20.00, 'pending', ST_SetSRID(ST_Point(-4.0273, 39.8628), 4326),'2026-04-21 15:01:15.805192+00'),
('6aede4d9-ba5e-43ab-97ce-0256826a75c8', 'a0eebc99-9c0b-4ef8-bb6d-6bb9bd380a11', 'Cortacésped Eléctrico', 'Potencia 1200W, ideal para jardines pequeños.', 75.00, 'pending', ST_SetSRID(ST_Point(-1.9812, 43.3183), 4326),'2026-04-21 15:01:15.805192+00')
ON CONFLICT (id) DO NOTHING;

INSERT INTO listing_categories (id, listing_id, categorie_id)
VALUES
(1, '1bb90b48-e80b-4205-a6f6-25088bec0fe8',139),
(2, 'f231c3a2-2292-49ab-aa10-ecec36e93df4',189),
(3, '30a3c587-845e-43fe-a496-13d582b89cd4',200),
(4, 'aa870fef-c8fa-4bf3-8d10-5c76bb6405ce',138),
(5, '7c3489e9-7d7c-4845-b777-65ac52202969',177),
(6, 'aaf36a1b-8711-460d-8949-8b4750c7e4a2',198),
(7, '8693190f-2aaf-41a4-a6ff-1b05aa92ab7a',139),
(8, 'fd896ac9-2ace-4666-985a-999ba2eddd7b',178),
(9, 'fc82d7cb-c5a7-4959-b34d-76b672816d3c',183),
(10, 'd59d62eb-c3fe-4f62-88e7-ed3a38d87f2c',140),
(11,'5a529f8f-6138-4825-ade0-07b69d7e9f8d',218 ),
(12,'b7ad4191-41f4-4092-aadc-6b12aa0c000d',263 ),
(13,'8aa3a133-e6a7-4640-89d8-b6cda8242d96', 62),
(14,'3e00862b-19a3-437a-9ad2-b482b79f9b43', 237),
(15,'9659c3be-e1f9-4b63-bc62-888a970add19', 59 ),
(16,'a34f6b12-ba91-43fc-980e-93639042b55a', 80),
(17,'d6985dbd-cd91-4be3-a8ce-63543fdb2fa8', 59),
(18,'6477c1e1-e9a9-4937-aa4d-00973a503f06', 235),
(19,'28218cc8-8203-435f-9577-8c24368b1af0', 52),
(20,'6aede4d9-ba5e-43ab-97ce-0256826a75c8', 273 )
ON CONFLICT (id) DO NOTHING;

INSERT INTO photos (listing_id, path, position)
VALUES
('1bb90b48-e80b-4205-a6f6-25088bec0fe8', 'a2d4e1b2-3c4d-4e5f-8a9b-0c1d2e3f4g5h.webp', 1),
('1bb90b48-e80b-4205-a6f6-25088bec0fe8', 'f8e7d6c5-b4a3-4210-9182-73645a5b4c3d.webp', 2),
('1bb90b48-e80b-4205-a6f6-25088bec0fe8', 'bc9a8b7c-6d5e-4f3a-bc2d-1e0f9a8b7c6d.webp', 3),
('f231c3a2-2292-49ab-aa10-ecec36e93df4', 'e4d1f2b3-a5c6-4b7d-8e9f-0a1b2c3d4e5f.webp', 1),
('f231c3a2-2292-49ab-aa10-ecec36e93df4', 'bc8a7d6e-5f4b-4a3d-9c2b-1a0e9d8c7b6a.webp', 2),
('f231c3a2-2292-49ab-aa10-ecec36e93df4', 'f5e4d3c2-b1a0-4987-8675-43210fedcba9.webp', 3),
('30a3c587-845e-43fe-a496-13d582b89cd4', 'a1b2c3d4-e5f6-47a8-b9c0-d1e2f3a4b5c6.webp', 1),
('30a3c587-845e-43fe-a496-13d582b89cd4', '2d3e4f5a-6b7c-48d9-ae0f-1a2b3c4d5e6f.webp', 2),
('30a3c587-845e-43fe-a496-13d582b89cd4', '9f8e7d6c-5b4a-4321-9087-654321fedcba.webp', 3),
('aa870fef-c8fa-4bf3-8d10-5c76bb6405ce', '12345678-abcd-4321-bcde-0987654321fe.webp', 1),
('aa870fef-c8fa-4bf3-8d10-5c76bb6405ce', 'deadbeef-face-4caf-babe-0123456789ab.webp', 2),
('aa870fef-c8fa-4bf3-8d10-5c76bb6405ce', 'c0ffee11-2233-4455-6677-8899aabbccdd.webp', 3),
('7c3489e9-7d7c-4845-b777-65ac52202969', 'e42f9b8a-1122-4a33-8b44-c55d66e77f88.webp', 1),
('7c3489e9-7d7c-4845-b777-65ac52202969', 'a1b2c3d4-e5f6-4a7b-8c9d-0e1f2a3b4c5d.webp', 2),
('7c3489e9-7d7c-4845-b777-65ac52202969', 'f9e8d7c6-b5a4-4321-9087-654321fedcba.webp', 3),
('aaf36a1b-8711-460d-8949-8b4750c7e4a2', '3d4e5f6a-7b8c-49d0-ae1f-2a3b4c5d6e7f.webp', 1),
('aaf36a1b-8711-460d-8949-8b4750c7e4a2', 'bc0d1e2f-3a4b-5c6d-7e8f-9a0b1c2d3e4f.webp', 2),
('aaf36a1b-8711-460d-8949-8b4750c7e4a2', 'deadbeef-1234-5678-9abc-def012345678.webp', 3),
('8693190f-2aaf-41a4-a6ff-1b05aa92ab7a', 'c0ffee11-bb22-3344-5566-778899aabbcc.webp', 1),
('8693190f-2aaf-41a4-a6ff-1b05aa92ab7a', 'f0f0f0f0-e1e1-d2d2-c3c3-b4b4a5a59696.webp', 2),
('8693190f-2aaf-41a4-a6ff-1b05aa92ab7a', '8a7b6c5d-4e3f-2g1h-0i9j-8k7l6m5n4o3p.webp', 3),
('fd896ac9-2ace-4666-985a-999ba2eddd7b', '67d8f9e0-a1b2-3c4d-5e6f-7a8b9c0d1e2f.webp', 1),
('fd896ac9-2ace-4666-985a-999ba2eddd7b', '1a2b3c4d-5e6f-7081-92a3-b4c5d6e7f8a9.webp', 2),
('fd896ac9-2ace-4666-985a-999ba2eddd7b', 'f1e2d3c4-b5a6-7890-c1d2-e3f4a5b6c7d8.webp', 3),
('fc82d7cb-c5a7-4959-b34d-76b672816d3c', 'b9c8d7e6-f5a4-3210-b1c2-d3e4f5a6b7c8.webp', 1),
('fc82d7cb-c5a7-4959-b34d-76b672816d3c', '0a1b2c3d-4e5f-6789-abcd-ef0123456789.webp', 2),
('fc82d7cb-c5a7-4959-b34d-76b672816d3c', '5f4e3d2c-1b0a-9876-5432-10fedcba9876.webp', 3),
('d59d62eb-c3fe-4f62-88e7-ed3a38d87f2c', '7d8c9b0a-1e2f-3a4b-5c6d-7e8f9a0b1c2d.webp', 1),
('d59d62eb-c3fe-4f62-88e7-ed3a38d87f2c', '2b3c4d5e-6f7a-8b9c-0d1e-2f3a4b5c6d7e.webp', 2),
('d59d62eb-c3fe-4f62-88e7-ed3a38d87f2c', 'a1f2e3d4-c5b6-7890-1a2b-3c4d5e6f7a8b.webp', 3),
('5a529f8f-6138-4825-ade0-07b69d7e9f8d', 'e22d99bc-1a2b-4c3d-8e5f-6a7b8c9d0e1f.webp', 1),
('5a529f8f-6138-4825-ade0-07b69d7e9f8d', 'f33e00cd-2b3c-4d4e-9f6g-7b8c9d0e1f2a.webp', 2),
('5a529f8f-6138-4825-ade0-07b69d7e9f8d', 'a44f11de-3c4d-5e5f-0g7h-8c9d0e1f2a3b.webp', 3),
('b7ad4191-41f4-4092-aadc-6b12aa0c000d', 'bc5522ef-4d5e-6f6a-1h8i-9d0e1f2a3b4c.webp', 1),
('b7ad4191-41f4-4092-aadc-6b12aa0c000d', 'cd6633fe-5e6f-7a7b-2i9j-0e1f2a3b4c5d.webp', 2),
('b7ad4191-41f4-4092-aadc-6b12aa0c000d', 'de7744af-6f7a-8b8c-3j0k-1f2a3b4c5d6e.webp', 3),
('8aa3a133-e6a7-4640-89d8-b6cda8242d96', 'ef8855ba-7a8b-9c9d-4k1l-2a3b4c5d6e7f.webp', 1),
('8aa3a133-e6a7-4640-89d8-b6cda8242d96', 'fa9966cb-8b9c-0d0e-5l2m-3b4c5d6e7f8a.webp', 2),
('8aa3a133-e6a7-4640-89d8-b6cda8242d96', '0b0077dc-9c0d-1e1f-6m3n-4c5d6e7f8a9b.webp', 3),
('3e00862b-19a3-437a-9ad2-b482b79f9b43', '1c1188ed-0d1e-2f2a-7n4o-5d6e7f8a9b0c.webp', 1),
('3e00862b-19a3-437a-9ad2-b482b79f9b43', '2d2299fe-1e2f-3a3b-8o5p-6e7f8a9b0c1d.webp', 2),
('3e00862b-19a3-437a-9ad2-b482b79f9b43', '3e3300af-2f3a-4b4c-9p6q-7f8a9b0c1d2e.webp', 3),
('9659c3be-e1f9-4b63-bc62-888a970add19', '4f4411ba-3a4b-5c5d-0q7r-8a9b0c1d2e3f.webp', 1),
('9659c3be-e1f9-4b63-bc62-888a970add19', '5a5522cb-4b5c-6d6e-1r8s-9b0c1d2e3f4a.webp', 2),
('9659c3be-e1f9-4b63-bc62-888a970add19', '6b6633dc-5c6d-7e7f-2s9t-0c1d2e3f4a5b.webp', 3),
('a34f6b12-ba91-43fc-980e-93639042b55a', 'c5a1d2e3-f4b5-4a6c-9d7e-8f0a1b2c3d4e.webp', 1),
('a34f6b12-ba91-43fc-980e-93639042b55a', 'd6b2e3f4-0c1d-4b7e-0e8f-9a1b2c3d4e5f.webp', 2),
('a34f6b12-ba91-43fc-980e-93639042b55a', 'e7c3f4a5-1d2e-4c8f-1f9a-0b2c3d4e5f6a.webp', 3),
('d6985dbd-cd91-4be3-a8ce-63543fdb2fa8', 'f8d4a5b6-2e3f-4d9a-2a0b-1c3d4e5f6a7b.webp', 1),
('d6985dbd-cd91-4be3-a8ce-63543fdb2fa8', 'a9e5b6c7-3f4a-4e0b-3b1c-2d4e5f6a7b8c.webp', 2),
('d6985dbd-cd91-4be3-a8ce-63543fdb2fa8', 'b0f6c7d8-4a5b-4f1c-4c2d-3e5f6a7b8c9d.webp', 3),
('6477c1e1-e9a9-4937-aa4d-00973a503f06', 'c1a7d8e9-5b6c-402d-5d3e-4f6a7b8c9d0e.webp', 1),
('6477c1e1-e9a9-4937-aa4d-00973a503f06', 'd2b8e9f0-6c7d-413e-6e4f-5a7b8c9d0e1f.webp', 2),
('6477c1e1-e9a9-4937-aa4d-00973a503f06', 'e3c9f0a1-7d8e-424f-7f5a-6b8c9d0e1f2a.webp', 3),
('28218cc8-8203-435f-9577-8c24368b1af0', 'f4d0a1b2-8e9f-435a-8a6b-7c9d0e1f2a3b.webp', 1),
('28218cc8-8203-435f-9577-8c24368b1af0', 'a5e1b2c3-9f0a-446b-9b7c-8d0e1f2a3b4c.webp', 2),
('28218cc8-8203-435f-9577-8c24368b1af0', 'b6f2c3d4-0a1b-457c-0c8d-9e1f2a3b4c5d.webp', 3),
('6aede4d9-ba5e-43ab-97ce-0256826a75c8', 'c7a3d4e5-1b2c-468d-1d9e-0f2a3b4c5d6e.webp', 1),
('6aede4d9-ba5e-43ab-97ce-0256826a75c8', 'd8b4e5f6-2c3d-479e-2e0f-1a3b4c5d6e7f.webp', 2),
('6aede4d9-ba5e-43ab-97ce-0256826a75c8', 'e9c5f6a7-3d4e-480f-3f1a-2b4c5d6e7f8a.webp', 3)
ON CONFLICT (listing_id, path) DO NOTHING;


SELECT setval(pg_get_serial_sequence('listing_categories','id'), (SELECT MAX(id) FROM listing_categories));
